{
  "FilterHeaders": [
    {
      "Header": "x-requested-with",
      "IncludeInScript": true
    },
    {
      "Header": "user-agent",
      "IncludeInScript": false
    },
    {
      "Header": "upgrade-insecure-requests",
      "IncludeInScript": true
    },
    {
      "Header": "soapaction",
      "IncludeInScript": true
    },
    {
      "Header": "origin",
      "IncludeInScript": true
    },
    {
      "Header": "accept-language",
      "IncludeInScript": false
    },
    {
      "Header": "accept-encoding",
      "IncludeInScript": false
    },
    {
      "Header": "accept",
      "IncludeInScript": false
    }
  ],
  "FilterResources": [
    {
      "IsNonResource": true,
      "type": "text/xml"
    },
    {
      "IsNonResource": true,
      "type": "text/html"
    },
    {
      "IsNonResource": false,
      "type": "text/css"
    },
    {
      "IsNonResource": false,
      "type": "image/svg+xml"
    },
    {
      "IsNonResource": false,
      "type": "image/png"
    },
    {
      "IsNonResource": false,
      "type": "image/jpg"
    },
    {
      "IsNonResource": false,
      "type": "image/jpeg"
    },
    {
      "IsNonResource": false,
      "type": "font/woff"
    },
    {
      "IsNonResource": true,
      "type": "application/json"
    },
    {
      "IsNonResource": false,
      "type": "application/javascript"
    }
  ],
  "GeneralInfo": {
    "BrowserVersion": "",
    "IsWinInetMode": false,
    "MaxUsedConnections": 6,
    "RecordedBrowser": "Chrome",
    "RecordingDate": "Feb-04-2020",
    "RecordingDuration": 34109,
    "RecordingMode": "N/A",
    "RecordingTimeStamp": 1580798595,
    "RecordingType": "Browser",
    "TotalBytesReceived": 3836304,
    "TotalBytesSent": 26876,
    "TotalRequests": 53,
    "UserAgent": "Mozilla/5.0 (Windows NT 10.0; Win64; x64) AppleWebKit/537.36 (KHTML, like Gecko) Chrome/79.0.3945.130 Safari/537.36"
  },
  "HostInfo": [
    {
      "DomainName": "gstatic.com",
      "Domains": [
        {
          "HTTPVersion": "HTTP/1.1",
          "IP": "216.58.196.35",
          "IncludeInScript": false,
          "Name": "www.gstatic.com",
          "Port": 443,
          "Requests": [
            {
              "CompressionType": "gzip",
              "DataType": "application/json",
              "DownloadTime": 46,
              "EventId": 137,
              "HttpStatus": 200,
              "Size": 76,
              "URL": "https://www.gstatic.com/autofill/hourly/bins.json"
            },
            {
              "CompressionType": "gzip",
              "DataType": "application/json",
              "DownloadTime": 31,
              "EventId": 135,
              "HttpStatus": 200,
              "Size": 82,
              "URL": "https://www.gstatic.com/autofill/weekly/merchants.json"
            }
          ],
          "SSLCipher": "TLS_AES_256_GCM_SHA384",
          "SSLVersion": "TLS1.3"
        },
        {
          "HTTPVersion": "HTTP/1.1",
          "IP": "216.58.203.67",
          "IncludeInScript": false,
          "Name": "ssl.gstatic.com",
          "Port": 443,
          "Requests": [
            {
              "CompressionType": "",
              "DataType": "application/octet-stream",
              "DownloadTime": 62,
              "EventId": 223,
              "HttpStatus": 200,
              "Size": 77948,
              "URL": "https://ssl.gstatic.com/safebrowsing/csd/client_model_v5_ext_variation_0.pb"
            },
            {
              "CompressionType": "",
              "DataType": "application/octet-stream",
              "DownloadTime": 31,
              "EventId": 217,
              "HttpStatus": 200,
              "Size": 77948,
              "URL": "https://ssl.gstatic.com/safebrowsing/csd/client_model_v5_variation_0.pb"
            }
          ],
          "SSLCipher": "TLS_AES_256_GCM_SHA384",
          "SSLVersion": "TLS1.3"
        }
      ],
      "IncludeInScript": true
    },
    {
      "DomainName": "googleapis.com",
      "Domains": [
        {
          "HTTPVersion": "HTTP/1.1",
          "IP": "172.217.31.35",
          "IncludeInScript": false,
          "Name": "update.googleapis.com",
          "Port": 443,
          "Requests": [
            {
              "CompressionType": "gzip",
              "DataType": "application/json",
              "DownloadTime": 203,
              "EventId": 209,
              "HttpStatus": 200,
              "Size": 370,
              "URL": "https://update.googleapis.com/service/update2/json?cup2key=9:3980628608&cup2hreq=b86f0d302b58554109b357cf910035517309c9db171f978282eb2240f76fcd7e"
            }
          ],
          "SSLCipher": "",
          "SSLVersion": ""
        },
        {
          "HTTPVersion": "HTTP/1.1",
          "IP": "216.58.221.195",
          "IncludeInScript": false,
          "Name": "clientservices.googleapis.com",
          "Port": 443,
          "Requests": [
            {
              "CompressionType": "",
              "DataType": "",
              "DownloadTime": 188,
              "EventId": 143,
              "HttpStatus": 304,
              "Size": 0,
              "URL": "https://clientservices.googleapis.com/chrome-variations/seed?osname=win&channel=stable&milestone=79"
            }
          ],
          "SSLCipher": "TLS_AES_256_GCM_SHA384",
          "SSLVersion": "TLS1.3"
        }
      ],
      "IncludeInScript": true
    },
    {
      "DomainName": "google.com",
      "Domains": [
        {
          "HTTPVersion": "HTTP/1.1",
          "IP": "216.58.203.78",
          "IncludeInScript": false,
          "Name": "clients1.google.com",
          "Port": 443,
          "Requests": [
            {
              "CompressionType": "gzip",
              "DataType": "text/proto",
              "DownloadTime": 94,
              "EventId": 564,
              "HttpStatus": 200,
              "Size": 32,
              "URL": "https://clients1.google.com/tbproxy/af/query?q=Chc2LjEuMTcxNS4xNDQyL2VuIChHR0xMKRMZwGHHYJUdIoAjLeeNQA4kIy3OQUx6JCMteG8SGSQjLQ8WviskIy3yF2yJJBQ="
            },
            {
              "CompressionType": "gzip",
              "DataType": "text/proto",
              "DownloadTime": 47,
              "EventId": 404,
              "HttpStatus": 200,
              "Size": 35,
              "URL": "https://clients1.google.com/tbproxy/af/query?q=Chc2LjEuMTcxNS4xNDQyL2VuIChHR0xMKRMZpMrtdSOZS2sjLeeNQA4kIy3OQUx6JCMteG8SGSQjLQ8WviskIy2E5pjgJCMt9nKYWSQjLcd2OFAkIy1axjztJCMtcpdcLyQU"
            },
            {
              "CompressionType": "gzip",
              "DataType": "text/proto",
              "DownloadTime": 31,
              "EventId": 189,
              "HttpStatus": 200,
              "Size": 31,
              "URL": "https://clients1.google.com/tbproxy/af/query?q=Chc2LjEuMTcxNS4xNDQyL2VuIChHR0xMKRMZh7YqpQPXN0IjLeeNQA4kIy3OQUx6JCMteG8SGSQjLQ8WviskFA=="
            }
          ],
          "SSLCipher": "TLS_AES_256_GCM_SHA384",
          "SSLVersion": "TLS1.3"
        },
        {
          "HTTPVersion": "HTTP/1.1",
          "IP": "216.58.221.205",
          "IncludeInScript": false,
          "Name": "accounts.google.com",
          "Port": 443,
          "Requests": [
            {
              "CompressionType": "gzip",
              "DataType": "application/json",
              "DownloadTime": 47,
              "EventId": 139,
              "HttpStatus": 200,
              "Size": 45,
              "URL": "https://accounts.google.com/ListAccounts?gpsia=1&source=ChromiumBrowser&json=standard"
            }
          ],
          "SSLCipher": "TLS_AES_256_GCM_SHA384",
          "SSLVersion": "TLS1.3"
        }
      ],
      "IncludeInScript": true
    },
    {
      "DomainName": "google-analytics.com",
      "Domains": [
        {
          "HTTPVersion": "HTTP/1.1",
          "IP": "216.58.196.14",
          "IncludeInScript": false,
          "Name": "www.google-analytics.com",
          "Port": 443,
          "Requests": [
            {
              "CompressionType": "",
              "DataType": "image/gif",
              "DownloadTime": 47,
              "EventId": 562,
              "HttpStatus": 200,
              "Size": 35,
              "URL": "https://www.google-analytics.com/collect?v=1&_v=j80&a=1423500881&t=pageview&_s=4&dl=http%3A%2F%2F10.41.37.191%2F&dp=%2Fproduct%2F24&ul=en-us&de=UTF-8&dt=%C2%A0Advantage%20Shopping&sd=24-bit&sr=1920x1080&vp=1920x921&je=0&_u=KEBAAEAB~&jid=&gjid=&cid=1518583007.1580798609&tid=UA-81334227-1&_gid=660152009.1580798609&z=1450228686"
            },
            {
              "CompressionType": "",
              "DataType": "image/gif",
              "DownloadTime": 78,
              "EventId": 513,
              "HttpStatus": 200,
              "Size": 35,
              "URL": "https://www.google-analytics.com/collect?v=1&_v=j80&a=1423500881&t=pageview&_s=3&dl=http%3A%2F%2F10.41.37.191%2F&dp=%2Fcategory%2FSpeakers%2F4&ul=en-us&de=UTF-8&dt=%C2%A0Advantage%20Shopping&sd=24-bit&sr=1920x1080&vp=1920x921&je=0&_u=KEBAAEAB~&jid=&gjid=&cid=1518583007.1580798609&tid=UA-81334227-1&_gid=660152009.1580798609&z=56521553"
            },
            {
              "CompressionType": "",
              "DataType": "image/gif",
              "DownloadTime": 47,
              "EventId": 420,
              "HttpStatus": 200,
              "Size": 35,
              "URL": "https://www.google-analytics.com/collect?v=1&_v=j80&a=1423500881&t=pageview&_s=2&dl=http%3A%2F%2F10.41.37.191%2F&dp=%2F&ul=en-us&de=UTF-8&dt=%C2%A0Advantage%20Shopping&sd=24-bit&sr=1920x1080&vp=1920x921&je=0&_u=KEBAAEAB~&jid=&gjid=&cid=1518583007.1580798609&tid=UA-81334227-1&_gid=660152009.1580798609&z=1973627528"
            },
            {
              "CompressionType": "",
              "DataType": "image/gif",
              "DownloadTime": 47,
              "EventId": 191,
              "HttpStatus": 200,
              "Size": 35,
              "URL": "https://www.google-analytics.com/r/collect?v=1&_v=j80&a=1423500881&t=pageview&_s=1&dl=http%3A%2F%2F10.41.37.191%2F&dp=%2F&ul=en-us&de=UTF-8&dt=%C2%A0Advantage%20Shopping&sd=24-bit&sr=1920x1080&vp=1920x921&je=0&_u=IEBAAEAB~&jid=149395435&gjid=73160369&cid=1518583007.1580798609&tid=UA-81334227-1&_gid=660152009.1580798609&_r=1&z=1304199982"
            },
            {
              "CompressionType": "gzip",
              "DataType": "text/javascript",
              "DownloadTime": 32,
              "EventId": 172,
              "HttpStatus": 200,
              "Size": 17926,
              "URL": "https://www.google-analytics.com/analytics.js"
            }
          ],
          "SSLCipher": "TLS_AES_256_GCM_SHA384",
          "SSLVersion": "TLS1.3"
        }
      ],
      "IncludeInScript": true
    },
    {
      "DomainName": "10.41.37.191",
      "Domains": [
        {
          "HTTPVersion": "HTTP/1.1",
          "IP": "10.41.37.191",
          "IncludeInScript": true,
          "Name": "10.41.37.191",
          "Port": 8080,
          "Requests": [
            {
              "CompressionType": "",
              "DataType": "image/png",
              "DownloadTime": 16,
              "EventId": 560,
              "HttpStatus": 200,
              "Size": 1087,
              "URL": "http://10.41.37.191:8080/css/images/review_Left_disabled.png"
            },
            {
              "CompressionType": "",
              "DataType": "image/png",
              "DownloadTime": 15,
              "EventId": 558,
              "HttpStatus": 200,
              "Size": 1542,
              "URL": "http://10.41.37.191:8080/css/images/reviewUser.png"
            },
            {
              "CompressionType": "",
              "DataType": "image/png",
              "DownloadTime": 0,
              "EventId": 556,
              "HttpStatus": 200,
              "Size": 1075,
              "URL": "http://10.41.37.191:8080/css/images/review_right.png"
            },
            {
              "CompressionType": "",
              "DataType": "text/html",
              "DownloadTime": 15,
              "EventId": 554,
              "HttpStatus": 200,
              "Size": 7674,
              "URL": "http://10.41.37.191:8080/app/views/product-page.html"
            },
            {
              "CompressionType": "",
              "DataType": "image/jpg",
              "DownloadTime": 32,
              "EventId": 546,
              "HttpStatus": 200,
              "Size": 58740,
              "URL": "http://10.41.37.191:8080/catalog/fetchImage?image_id=4500"
            },
            {
              "CompressionType": "",
              "DataType": "image/jpg",
              "DownloadTime": 16,
              "EventId": 543,
              "HttpStatus": 200,
              "Size": 70752,
              "URL": "http://10.41.37.191:8080/catalog/fetchImage?image_id=4100"
            },
            {
              "CompressionType": "",
              "DataType": "image/jpg",
              "DownloadTime": 125,
              "EventId": 517,
              "HttpStatus": 200,
              "Size": 53989,
              "URL": "http://10.41.37.191:8080/catalog/fetchImage?image_id=4700"
            },
            {
              "CompressionType": "",
              "DataType": "image/jpg",
              "DownloadTime": 63,
              "EventId": 515,
              "HttpStatus": 200,
              "Size": 50423,
              "URL": "http://10.41.37.191:8080/catalog/fetchImage?image_id=4400"
            },
            {
              "CompressionType": "",
              "DataType": "image/jpg",
              "DownloadTime": 94,
              "EventId": 509,
              "HttpStatus": 200,
              "Size": 71727,
              "URL": "http://10.41.37.191:8080/catalog/fetchImage?image_id=4600"
            },
            {
              "CompressionType": "",
              "DataType": "image/jpg",
              "DownloadTime": 93,
              "EventId": 507,
              "HttpStatus": 200,
              "Size": 46751,
              "URL": "http://10.41.37.191:8080/catalog/fetchImage?image_id=4200"
            },
            {
              "CompressionType": "",
              "DataType": "image/jpg",
              "DownloadTime": 47,
              "EventId": 504,
              "HttpStatus": 200,
              "Size": 49668,
              "URL": "http://10.41.37.191:8080/catalog/fetchImage?image_id=4300"
            },
            {
              "CompressionType": "",
              "DataType": "image/png",
              "DownloadTime": 16,
              "EventId": 488,
              "HttpStatus": 200,
              "Size": 1415,
              "URL": "http://10.41.37.191:8080/css/images/Filter.png"
            },
            {
              "CompressionType": "",
              "DataType": "image/png",
              "DownloadTime": 15,
              "EventId": 483,
              "HttpStatus": 200,
              "Size": 462083,
              "URL": "http://10.41.37.191:8080/css/images/category_banner_4.png"
            },
            {
              "CompressionType": "",
              "DataType": "text/html",
              "DownloadTime": 15,
              "EventId": 480,
              "HttpStatus": 200,
              "Size": 1915,
              "URL": "http://10.41.37.191:8080/app/views/category-page.html"
            },
            {
              "CompressionType": "",
              "DataType": "application/json",
              "DownloadTime": 219,
              "EventId": 477,
              "HttpStatus": 200,
              "Size": 6213,
              "URL": "http://10.41.37.191:8080/catalog/api/v1/categories/attributes"
            },
            {
              "CompressionType": "",
              "DataType": "font/woff",
              "DownloadTime": 31,
              "EventId": 470,
              "HttpStatus": 200,
              "Size": 24944,
              "URL": "http://10.41.37.191:8080/css/fonts/roboto_thin_macroman/Roboto-Thin-webfont.woff"
            },
            {
              "CompressionType": "",
              "DataType": "font/woff",
              "DownloadTime": 16,
              "EventId": 464,
              "HttpStatus": 200,
              "Size": 24808,
              "URL": "http://10.41.37.191:8080/css/fonts/roboto_bold_macroman/Roboto-Bold-webfont.woff"
            },
            {
              "CompressionType": "",
              "DataType": "image/jpeg",
              "DownloadTime": 31,
              "EventId": 460,
              "HttpStatus": 200,
              "Size": 42737,
              "URL": "http://10.41.37.191:8080/css/images/Popular-item1.jpg"
            },
            {
              "CompressionType": "",
              "DataType": "image/jpeg",
              "DownloadTime": 78,
              "EventId": 432,
              "HttpStatus": 200,
              "Size": 28087,
              "URL": "http://10.41.37.191:8080/css/images/Popular-item2.jpg"
            },
            {
              "CompressionType": "",
              "DataType": "image/jpeg",
              "DownloadTime": 94,
              "EventId": 428,
              "HttpStatus": 200,
              "Size": 68456,
              "URL": "http://10.41.37.191:8080/css/images/Banner3.jpg"
            },
            {
              "CompressionType": "",
              "DataType": "image/jpeg",
              "DownloadTime": 16,
              "EventId": 425,
              "HttpStatus": 200,
              "Size": 25978,
              "URL": "http://10.41.37.191:8080/css/images/Popular-item3.jpg"
            },
            {
              "CompressionType": "",
              "DataType": "image/jpeg",
              "DownloadTime": 15,
              "EventId": 417,
              "HttpStatus": 200,
              "Size": 85091,
              "URL": "http://10.41.37.191:8080/css/images/Banner2.jpg"
            },
            {
              "CompressionType": "",
              "DataType": "image/jpeg",
              "DownloadTime": 16,
              "EventId": 414,
              "HttpStatus": 200,
              "Size": 496378,
              "URL": "http://10.41.37.191:8080/css/images/Banner1.jpg"
            },
            {
              "CompressionType": "",
              "DataType": "image/png",
              "DownloadTime": 16,
              "EventId": 412,
              "HttpStatus": 200,
              "Size": 1707,
              "URL": "http://10.41.37.191:8080/css/images/linkedin.png"
            },
            {
              "CompressionType": "",
              "DataType": "image/png",
              "DownloadTime": 16,
              "EventId": 410,
              "HttpStatus": 200,
              "Size": 2064,
              "URL": "http://10.41.37.191:8080/css/images/twitter.png"
            },
            {
              "CompressionType": "",
              "DataType": "image/png",
              "DownloadTime": 16,
              "EventId": 408,
              "HttpStatus": 200,
              "Size": 1583,
              "URL": "http://10.41.37.191:8080/css/images/facebook.png"
            },
            {
              "CompressionType": "",
              "DataType": "image/png",
              "DownloadTime": 15,
              "EventId": 406,
              "HttpStatus": 200,
              "Size": 2114,
              "URL": "http://10.41.37.191:8080/css/images/GoUp.png"
            },
            {
              "CompressionType": "",
              "DataType": "image/png",
              "DownloadTime": 0,
              "EventId": 402,
              "HttpStatus": 200,
              "Size": 3003,
              "URL": "http://10.41.37.191:8080/css/images/chat_logo.png"
            },
            {
              "CompressionType": "",
              "DataType": "image/jpeg",
              "DownloadTime": 16,
              "EventId": 395,
              "HttpStatus": 200,
              "Size": 80826,
              "URL": "http://10.41.37.191:8080/css/images/Special-offer.jpg"
            },
            {
              "CompressionType": "",
              "DataType": "image/jpg",
              "DownloadTime": 31,
              "EventId": 373,
              "HttpStatus": 200,
              "Size": 60070,
              "URL": "http://10.41.37.191:8080/catalog/fetchImage?image_id=1234"
            },
            {
              "CompressionType": "",
              "DataType": "image/jpg",
              "DownloadTime": 62,
              "EventId": 363,
              "HttpStatus": 200,
              "Size": 47798,
              "URL": "http://10.41.37.191:8080/catalog/fetchImage?image_id=1235"
            },
            {
              "CompressionType": "",
              "DataType": "image/png",
              "DownloadTime": 46,
              "EventId": 360,
              "HttpStatus": 200,
              "Size": 91647,
              "URL": "http://10.41.37.191:8080/catalog/fetchImage?image_id=1238"
            },
            {
              "CompressionType": "",
              "DataType": "image/png",
              "DownloadTime": 62,
              "EventId": 358,
              "HttpStatus": 200,
              "Size": 228775,
              "URL": "http://10.41.37.191:8080/catalog/fetchImage?image_id=1237"
            },
            {
              "CompressionType": "",
              "DataType": "image/jpg",
              "DownloadTime": 47,
              "EventId": 356,
              "HttpStatus": 200,
              "Size": 63833,
              "URL": "http://10.41.37.191:8080/catalog/fetchImage?image_id=1236"
            },
            {
              "CompressionType": "",
              "DataType": "image/png",
              "DownloadTime": 16,
              "EventId": 352,
              "HttpStatus": 200,
              "Size": 996,
              "URL": "http://10.41.37.191:8080/css/images/arrow_right.png"
            },
            {
              "CompressionType": "",
              "DataType": "text/html",
              "DownloadTime": 15,
              "EventId": 349,
              "HttpStatus": 200,
              "Size": 12463,
              "URL": "http://10.41.37.191:8080/app/views/home-page.html"
            },
            {
              "CompressionType": "",
              "DataType": "application/json",
              "DownloadTime": 31,
              "EventId": 347,
              "HttpStatus": 200,
              "Size": 2323,
              "URL": "http://10.41.37.191:8080/app/tempFiles/popularProducts.json"
            },
            {
              "CompressionType": "",
              "DataType": "application/json",
              "DownloadTime": 657,
              "EventId": 344,
              "HttpStatus": 200,
              "Size": 681,
              "URL": "http://10.41.37.191:8080/catalog/api/v1/deals/search?dealOfTheDay=true"
            },
            {
              "CompressionType": "",
              "DataType": "application/json",
              "DownloadTime": 625,
              "EventId": 338,
              "HttpStatus": 200,
              "Size": 12938,
              "URL": "http://10.41.37.191:8080/catalog/api/v1/categories"
            },
            {
              "CompressionType": "",
              "DataType": "text/xml",
              "DownloadTime": 2875,
              "EventId": 336,
              "HttpStatus": 200,
              "Size": 823,
              "URL": "http://10.41.37.191:8080/accountservice/GetAccountConfigurationRequest"
            },
            {
              "CompressionType": "",
              "DataType": "application/json",
              "DownloadTime": 5469,
              "EventId": 243,
              "HttpStatus": 200,
              "Size": 21349,
              "URL": "http://10.41.37.191:8080/catalog/api/v1/DemoAppConfig/parameters/by_tool/ALL"
            },
            {
              "CompressionType": "",
              "DataType": "application/json",
              "DownloadTime": 4140,
              "EventId": 199,
              "HttpStatus": 200,
              "Size": 48923,
              "URL": "http://10.41.37.191:8080/catalog/api/v1/categories/all_data"
            },
            {
              "CompressionType": "",
              "DataType": "font/woff",
              "DownloadTime": 15,
              "EventId": 169,
              "HttpStatus": 200,
              "Size": 24576,
              "URL": "http://10.41.37.191:8080/css/fonts/roboto_light_macroman/Roboto-Light-webfont.woff"
            },
            {
              "CompressionType": "",
              "DataType": "font/woff",
              "DownloadTime": 16,
              "EventId": 163,
              "HttpStatus": 200,
              "Size": 25048,
              "URL": "http://10.41.37.191:8080/css/fonts/roboto_medium_macroman/Roboto-Medium-webfont.woff"
            },
            {
              "CompressionType": "",
              "DataType": "font/woff",
              "DownloadTime": 0,
              "EventId": 159,
              "HttpStatus": 200,
              "Size": 25020,
              "URL": "http://10.41.37.191:8080/css/fonts/roboto_regular_macroman/Roboto-Regular-webfont.woff"
            },
            {
              "CompressionType": "",
              "DataType": "image/png",
              "DownloadTime": 0,
              "EventId": 154,
              "HttpStatus": 200,
              "Size": 1098,
              "URL": "http://10.41.37.191:8080/css/images/closeDark.png"
            },
            {
              "CompressionType": "",
              "DataType": "image/png",
              "DownloadTime": 0,
              "EventId": 146,
              "HttpStatus": 200,
              "Size": 2645,
              "URL": "http://10.41.37.191:8080/css/images/logo.png"
            },
            {
              "CompressionType": "",
              "DataType": "",
              "DownloadTime": 15,
              "EventId": 133,
              "HttpStatus": 200,
              "Size": 1015,
              "URL": "http://10.41.37.191:8080/services.properties"
            },
            {
              "CompressionType": "",
              "DataType": "application/javascript",
              "DownloadTime": 625,
              "EventId": 54,
              "HttpStatus": 200,
              "Size": 1123437,
              "URL": "http://10.41.37.191:8080/main.min.js"
            },
            {
              "CompressionType": "",
              "DataType": "application/javascript",
              "DownloadTime": 0,
              "EventId": 46,
              "HttpStatus": 200,
              "Size": 85921,
              "URL": "http://10.41.37.191:8080/vendor/requirejs/require.js"
            },
            {
              "CompressionType": "",
              "DataType": "image/svg+xml",
              "DownloadTime": 16,
              "EventId": 41,
              "HttpStatus": 200,
              "Size": 795,
              "URL": "http://10.41.37.191:8080/css/images/Down_arrow.svg"
            },
            {
              "CompressionType": "",
              "DataType": "text/css",
              "DownloadTime": 15,
              "EventId": 28,
              "HttpStatus": 200,
              "Size": 170446,
              "URL": "http://10.41.37.191:8080/css/main.min.css"
            },
            {
              "CompressionType": "",
              "DataType": "text/html",
              "DownloadTime": 15,
              "EventId": 19,
              "HttpStatus": 200,
              "Size": 10854,
              "URL": "http://10.41.37.191:8080/"
            }
          ],
          "SSLCipher": "None",
          "SSLVersion": "None"
        }
      ],
      "IncludeInScript": true
    }
  ],
  "WebSocket": {
    "IncludeInScript": false,
    "IsScriptIncludeWebSocket": false
  },
  "NumberOfCorrelations": 0
}